flat_name,slug,issue_type,excel_value,db_value,details
K01A104,k01a104,BOOKING_HOLD_STATUS_MISMATCH,On Hold -> 2,1,"Excel: On Hold (normalized: 2), DB: 1"
K01A104,k01a104,NEXT_BOOKING_STATUS_MISMATCH,Booked,Not Booked,"Excel: Booked, DB: Not Booked"
K01A104,k01a104,OCCUPANCY_STATUS_MISMATCH,Occupied,Vacant,"Excel: Occupied, DB: Vacant"
K01A104,k01a104,RENT_STATUS_MISMATCH,No -> 0,1,"Excel: No (normalized: 0), DB: 1"
K01B102,k01b102,AVAILABLE_DATE_MISMATCH,2025-09-05,2025-09-25,"Excel: 2025-09-05, DB: 2025-09-25"
K01B102,k01b102,OCCUPANCY_STATUS_MISMATCH,Vacant,Occupied & On Notice,"Excel: Vacant, DB: Occupied & On Notice"
K01C304,k01c304,AVAILABLE_DATE_MISMATCH,2025-09-11,2025-09-16,"Excel: 2025-09-11, DB: 2025-09-16"
K01C304,k01c304,OCCUPANCY_STATUS_MISMATCH,Vacant,Occupied & On Notice,"Excel: Vacant, DB: Occupied & On Notice"
K03A105,k03a105,BOOKING_HOLD_STATUS_MISMATCH,On Hold -> 2,1,"Excel: On Hold (normalized: 2), DB: 1"
K03A105,k03a105,NEXT_BOOKING_STATUS_MISMATCH,Booked,Not Booked,"Excel: Booked, DB: Not Booked"
K03A105,k03a105,OCCUPANCY_STATUS_MISMATCH,Occupied,Occupied & On Notice,"Excel: Occupied, DB: Occupied & On Notice"
K03A105,k03a105,RENT_STATUS_MISMATCH,No -> 0,1,"Excel: No (normalized: 0), DB: 1"
K04A005,k04a005,OCCUPANCY_STATUS_MISMATCH,Occupied & On Notice,Vacant,"Excel: Occupied & On Notice, DB: Vacant"
K04A302,k04a302,AVAILABLE_DATE_MISSING_IN_DB,2025-10-23,NULL,"Excel has date 2025-10-23, but DB is NULL"
K04A302,k04a302,BOOKING_HOLD_STATUS_MISMATCH,Free -> 1,2,"Excel: Free (normalized: 1), DB: 2"
K04A302,k04a302,NEXT_BOOKING_STATUS_MISMATCH,Not Booked,Booked,"Excel: Not Booked, DB: Booked"
K04A302,k04a302,OCCUPANCY_STATUS_MISMATCH,Occupied & On Notice,Occupied,"Excel: Occupied & On Notice, DB: Occupied"
K04A302,k04a302,RENT_STATUS_MISMATCH,Yes -> 1,0,"Excel: Yes (normalized: 1), DB: 0"
K05A207,k05a207,AVAILABLE_DATE_MISSING_IN_EXCEL,NULL,2025-09-07,"Excel is NULL, but DB has date 2025-09-07"
K05A307,k05a307,AVAILABLE_DATE_MISMATCH,2025-10-19,2024-10-31,"Excel: 2025-10-19, DB: 2024-10-31"
K05A307,k05a307,BOOKING_HOLD_STATUS_MISMATCH,Free -> 1,2,"Excel: Free (normalized: 1), DB: 2"
K05A307,k05a307,NEXT_BOOKING_STATUS_MISMATCH,Not Booked,Booked,"Excel: Not Booked, DB: Booked"
K05A307,k05a307,OCCUPANCY_STATUS_MISMATCH,Occupied & On Notice,Occupied,"Excel: Occupied & On Notice, DB: Occupied"
K05A307,k05a307,RENT_STATUS_MISMATCH,Yes -> 1,0,"Excel: Yes (normalized: 1), DB: 0"
K05B101,k05b101,AVAILABLE_DATE_MISSING_IN_DB,2025-10-21,NULL,"Excel has date 2025-10-21, but DB is NULL"
K05B101,k05b101,BOOKING_HOLD_STATUS_MISMATCH,Free -> 1,2,"Excel: Free (normalized: 1), DB: 2"
K05B101,k05b101,NEXT_BOOKING_STATUS_MISMATCH,Not Booked,Booked,"Excel: Not Booked, DB: Booked"
K05B101,k05b101,OCCUPANCY_STATUS_MISMATCH,Occupied & On Notice,Occupied,"Excel: Occupied & On Notice, DB: Occupied"
K05B101,k05b101,RENT_STATUS_MISMATCH,Yes -> 1,0,"Excel: Yes (normalized: 1), DB: 0"
K05C304,k05c304,BOOKING_HOLD_STATUS_MISMATCH,On Hold -> 2,1,"Excel: On Hold (normalized: 2), DB: 1"
K05C304,k05c304,NEXT_BOOKING_STATUS_MISMATCH,Booked,Not Booked,"Excel: Booked, DB: Not Booked"
K05C304,k05c304,OCCUPANCY_STATUS_MISMATCH,Occupied,Occupied & On Notice,"Excel: Occupied, DB: Occupied & On Notice"
K05C304,k05c304,RENT_STATUS_MISMATCH,No -> 0,1,"Excel: No (normalized: 0), DB: 1"
K05C310,k05c310,AVAILABLE_DATE_MISSING_IN_DB,2025-10-24,NULL,"Excel has date 2025-10-24, but DB is NULL"
K05C310,k05c310,BOOKING_HOLD_STATUS_MISMATCH,Free -> 1,2,"Excel: Free (normalized: 1), DB: 2"
K05C310,k05c310,NEXT_BOOKING_STATUS_MISMATCH,Not Booked,Booked,"Excel: Not Booked, DB: Booked"
K05C310,k05c310,OCCUPANCY_STATUS_MISMATCH,Occupied & On Notice,Occupied,"Excel: Occupied & On Notice, DB: Occupied"
K05C310,k05c310,RENT_STATUS_MISMATCH,Yes -> 1,0,"Excel: Yes (normalized: 1), DB: 0"
K05C509,k05c509,BOOKING_HOLD_STATUS_MISMATCH,On Hold -> 2,1,"Excel: On Hold (normalized: 2), DB: 1"
K05C509,k05c509,NEXT_BOOKING_STATUS_MISMATCH,Booked,Not Booked,"Excel: Booked, DB: Not Booked"
K05C509,k05c509,OCCUPANCY_STATUS_MISMATCH,Occupied,Occupied & On Notice,"Excel: Occupied, DB: Occupied & On Notice"
K05C509,k05c509,RENT_STATUS_MISMATCH,No -> 0,1,"Excel: No (normalized: 0), DB: 1"
K05C604,k05c604,AVAILABLE_DATE_MISMATCH,2025-10-25,2024-10-03,"Excel: 2025-10-25, DB: 2024-10-03"
K05C604,k05c604,BOOKING_HOLD_STATUS_MISMATCH,Free -> 1,2,"Excel: Free (normalized: 1), DB: 2"
K05C604,k05c604,NEXT_BOOKING_STATUS_MISMATCH,Not Booked,Booked,"Excel: Not Booked, DB: Booked"
K05C604,k05c604,OCCUPANCY_STATUS_MISMATCH,Occupied & On Notice,Occupied,"Excel: Occupied & On Notice, DB: Occupied"
K05C604,k05c604,RENT_STATUS_MISMATCH,Yes -> 1,0,"Excel: Yes (normalized: 1), DB: 0"
K06A403,k06a403,OCCUPANCY_STATUS_MISMATCH,Occupied & On Notice,Vacant,"Excel: Occupied & On Notice, DB: Vacant"
K06A503,k06a503,AVAILABLE_DATE_MISSING_IN_DB,2025-10-19,NULL,"Excel has date 2025-10-19, but DB is NULL"
K06A503,k06a503,BOOKING_HOLD_STATUS_MISMATCH,Free -> 1,2,"Excel: Free (normalized: 1), DB: 2"
K06A503,k06a503,NEXT_BOOKING_STATUS_MISMATCH,Not Booked,Booked,"Excel: Not Booked, DB: Booked"
K06A503,k06a503,OCCUPANCY_STATUS_MISMATCH,Occupied & On Notice,Occupied,"Excel: Occupied & On Notice, DB: Occupied"
K06A503,k06a503,RENT_STATUS_MISMATCH,Yes -> 1,0,"Excel: Yes (normalized: 1), DB: 0"
K07A102,k07a102,AVAILABLE_DATE_MISSING_IN_EXCEL,NULL,2025-08-14,"Excel is NULL, but DB has date 2025-08-14"
K07A201,k07a201,OCCUPANCY_STATUS_MISMATCH,Occupied & On Notice,Vacant,"Excel: Occupied & On Notice, DB: Vacant"
K07A302,k07a302,BOOKING_HOLD_STATUS_MISMATCH,On Hold -> 2,1,"Excel: On Hold (normalized: 2), DB: 1"
K07A302,k07a302,NEXT_BOOKING_STATUS_MISMATCH,Booked,Not Booked,"Excel: Booked, DB: Not Booked"
K07A302,k07a302,OCCUPANCY_STATUS_MISMATCH,Occupied,Occupied & On Notice,"Excel: Occupied, DB: Occupied & On Notice"
K07A302,k07a302,RENT_STATUS_MISMATCH,No -> 0,1,"Excel: No (normalized: 0), DB: 1"
K07A502,k07a502,AVAILABLE_DATE_MISSING_IN_DB,2025-10-22,NULL,"Excel has date 2025-10-22, but DB is NULL"
K07A502,k07a502,BOOKING_HOLD_STATUS_MISMATCH,Free -> 1,2,"Excel: Free (normalized: 1), DB: 2"
K07A502,k07a502,NEXT_BOOKING_STATUS_MISMATCH,Not Booked,Booked,"Excel: Not Booked, DB: Booked"
K07A502,k07a502,OCCUPANCY_STATUS_MISMATCH,Occupied & On Notice,Occupied,"Excel: Occupied & On Notice, DB: Occupied"
K07A502,k07a502,RENT_STATUS_MISMATCH,Yes -> 1,0,"Excel: Yes (normalized: 1), DB: 0"
K07A503,k07a503,AVAILABLE_DATE_MISMATCH,2025-09-04,2025-09-07,"Excel: 2025-09-04, DB: 2025-09-07"
K07A503,k07a503,OCCUPANCY_STATUS_MISMATCH,Vacant,Occupied & On Notice,"Excel: Vacant, DB: Occupied & On Notice"
K07A507,k07a507,BOOKING_HOLD_STATUS_MISMATCH,On Hold -> 2,1,"Excel: On Hold (normalized: 2), DB: 1"
K07A507,k07a507,NEXT_BOOKING_STATUS_MISMATCH,Booked,Not Booked,"Excel: Booked, DB: Not Booked"
K07A507,k07a507,OCCUPANCY_STATUS_MISMATCH,Occupied,Vacant,"Excel: Occupied, DB: Vacant"
K07A507,k07a507,RENT_STATUS_MISMATCH,No -> 0,1,"Excel: No (normalized: 0), DB: 1"
K08A102,k08a102,BOOKING_HOLD_STATUS_MISMATCH,On Hold -> 2,1,"Excel: On Hold (normalized: 2), DB: 1"
K08A102,k08a102,NEXT_BOOKING_STATUS_MISMATCH,Booked,Not Booked,"Excel: Booked, DB: Not Booked"
K08A102,k08a102,OCCUPANCY_STATUS_MISMATCH,Occupied,Occupied & On Notice,"Excel: Occupied, DB: Occupied & On Notice"
K08A102,k08a102,RENT_STATUS_MISMATCH,No -> 0,1,"Excel: No (normalized: 0), DB: 1"
K08A303,k08a303,AVAILABLE_DATE_MISSING_IN_EXCEL,NULL,2025-09-23,"Excel is NULL, but DB has date 2025-09-23"
K08A404,k08a404,AVAILABLE_DATE_MISSING_IN_EXCEL,NULL,2025-09-05,"Excel is NULL, but DB has date 2025-09-05"
K08C205,k08c205,BOOKING_HOLD_STATUS_MISMATCH,On Hold -> 2,1,"Excel: On Hold (normalized: 2), DB: 1"
K08C205,k08c205,NEXT_BOOKING_STATUS_MISMATCH,Booked,Not Booked,"Excel: Booked, DB: Not Booked"
K08C205,k08c205,OCCUPANCY_STATUS_MISMATCH,Occupied,Vacant,"Excel: Occupied, DB: Vacant"
K08C205,k08c205,RENT_STATUS_MISMATCH,No -> 0,1,"Excel: No (normalized: 0), DB: 1"
K08C304,k08c304,AVAILABLE_DATE_MISSING_IN_EXCEL,NULL,2025-09-07,"Excel is NULL, but DB has date 2025-09-07"
K08C404,k08c404,BOOKING_HOLD_STATUS_MISMATCH,On Hold -> 2,1,"Excel: On Hold (normalized: 2), DB: 1"
K08C404,k08c404,NEXT_BOOKING_STATUS_MISMATCH,Booked,Not Booked,"Excel: Booked, DB: Not Booked"
K08C404,k08c404,OCCUPANCY_STATUS_MISMATCH,Occupied,Occupied & On Notice,"Excel: Occupied, DB: Occupied & On Notice"
K08C404,k08c404,RENT_STATUS_MISMATCH,No -> 0,1,"Excel: No (normalized: 0), DB: 1"
K08C405,k08c405,AVAILABLE_DATE_MISSING_IN_EXCEL,NULL,2025-09-04,"Excel is NULL, but DB has date 2025-09-04"
K08C504,k08c504,BOOKING_HOLD_STATUS_MISMATCH,On Hold -> 2,1,"Excel: On Hold (normalized: 2), DB: 1"
K08C504,k08c504,NEXT_BOOKING_STATUS_MISMATCH,Booked,Not Booked,"Excel: Booked, DB: Not Booked"
K08C504,k08c504,OCCUPANCY_STATUS_MISMATCH,Occupied,Occupied & On Notice,"Excel: Occupied, DB: Occupied & On Notice"
K08C504,k08c504,RENT_STATUS_MISMATCH,No -> 0,1,"Excel: No (normalized: 0), DB: 1"
K09A202,k09a202,AVAILABLE_DATE_MISMATCH,2025-09-10,2025-09-12,"Excel: 2025-09-10, DB: 2025-09-12"
K09A202,k09a202,OCCUPANCY_STATUS_MISMATCH,Vacant,Occupied & On Notice,"Excel: Vacant, DB: Occupied & On Notice"
K09A401,k09a401,AVAILABLE_DATE_MISSING_IN_DB,2025-10-23,NULL,"Excel has date 2025-10-23, but DB is NULL"
K09A401,k09a401,BOOKING_HOLD_STATUS_MISMATCH,Free -> 1,2,"Excel: Free (normalized: 1), DB: 2"
K09A401,k09a401,NEXT_BOOKING_STATUS_MISMATCH,Not Booked,Booked,"Excel: Not Booked, DB: Booked"
K09A401,k09a401,OCCUPANCY_STATUS_MISMATCH,Occupied & On Notice,Occupied,"Excel: Occupied & On Notice, DB: Occupied"
K09A401,k09a401,RENT_STATUS_MISMATCH,Yes -> 1,0,"Excel: Yes (normalized: 1), DB: 0"
K09B201,k09b201,OCCUPANCY_STATUS_MISMATCH,Vacant,Occupied & On Notice,"Excel: Vacant, DB: Occupied & On Notice"
K09B202,k09b202,AVAILABLE_DATE_MISSING_IN_EXCEL,NULL,2025-09-07,"Excel is NULL, but DB has date 2025-09-07"
K09B202,k09b202,BOOKING_HOLD_STATUS_MISMATCH,On Hold -> 2,1,"Excel: On Hold (normalized: 2), DB: 1"
K09B202,k09b202,NEXT_BOOKING_STATUS_MISMATCH,Booked,Not Booked,"Excel: Booked, DB: Not Booked"
K09B202,k09b202,OCCUPANCY_STATUS_MISMATCH,Occupied,Occupied & On Notice,"Excel: Occupied, DB: Occupied & On Notice"
K09B202,k09b202,RENT_STATUS_MISMATCH,No -> 0,1,"Excel: No (normalized: 0), DB: 1"
K09E302,k09e302,AVAILABLE_DATE_MISMATCH,2025-10-25,2024-04-18,"Excel: 2025-10-25, DB: 2024-04-18"
K09E302,k09e302,BOOKING_HOLD_STATUS_MISMATCH,Free -> 1,2,"Excel: Free (normalized: 1), DB: 2"
K09E302,k09e302,NEXT_BOOKING_STATUS_MISMATCH,Not Booked,Booked,"Excel: Not Booked, DB: Booked"
K09E302,k09e302,OCCUPANCY_STATUS_MISMATCH,Occupied & On Notice,Occupied,"Excel: Occupied & On Notice, DB: Occupied"
K09E302,k09e302,RENT_STATUS_MISMATCH,Yes -> 1,0,"Excel: Yes (normalized: 1), DB: 0"
K09F202,k09f202,AVAILABLE_DATE_MISSING_IN_DB,2025-10-03,NULL,"Excel has date 2025-10-03, but DB is NULL"
K09F202,k09f202,BOOKING_HOLD_STATUS_MISMATCH,Free -> 1,2,"Excel: Free (normalized: 1), DB: 2"
K09F202,k09f202,NEXT_BOOKING_STATUS_MISMATCH,Not Booked,Booked,"Excel: Not Booked, DB: Booked"
K09F202,k09f202,OCCUPANCY_STATUS_MISMATCH,Occupied & On Notice,Occupied,"Excel: Occupied & On Notice, DB: Occupied"
K09F202,k09f202,RENT_STATUS_MISMATCH,Yes -> 1,0,"Excel: Yes (normalized: 1), DB: 0"
K09G502,k09g502,OCCUPANCY_STATUS_MISMATCH,Vacant,Occupied & On Notice,"Excel: Vacant, DB: Occupied & On Notice"
K10A002,k10a002,BOOKING_HOLD_STATUS_MISMATCH,On Hold -> 2,1,"Excel: On Hold (normalized: 2), DB: 1"
K10A002,k10a002,NEXT_BOOKING_STATUS_MISMATCH,Booked,Not Booked,"Excel: Booked, DB: Not Booked"
K10A002,k10a002,OCCUPANCY_STATUS_MISMATCH,Occupied,Vacant,"Excel: Occupied, DB: Vacant"
K10A002,k10a002,RENT_STATUS_MISMATCH,No -> 0,1,"Excel: No (normalized: 0), DB: 1"
K10A008,k10a008,AVAILABLE_DATE_MISMATCH,2025-09-04,2025-08-02,"Excel: 2025-09-04, DB: 2025-08-02"
K10A008,k10a008,BOOKING_HOLD_STATUS_MISMATCH,Free -> 1,2,"Excel: Free (normalized: 1), DB: 2"
K10A008,k10a008,NEXT_BOOKING_STATUS_MISMATCH,Not Booked,Booked,"Excel: Not Booked, DB: Booked"
K10A008,k10a008,OCCUPANCY_STATUS_MISMATCH,Vacant,Occupied,"Excel: Vacant, DB: Occupied"
K10A008,k10a008,RENT_STATUS_MISMATCH,Yes -> 1,0,"Excel: Yes (normalized: 1), DB: 0"
K10A407,k10a407,BOOKING_HOLD_STATUS_MISMATCH,On Hold -> 2,1,"Excel: On Hold (normalized: 2), DB: 1"
K10A407,k10a407,NEXT_BOOKING_STATUS_MISMATCH,Booked,Not Booked,"Excel: Booked, DB: Not Booked"
K10A407,k10a407,OCCUPANCY_STATUS_MISMATCH,Occupied,Vacant,"Excel: Occupied, DB: Vacant"
K10A407,k10a407,RENT_STATUS_MISMATCH,No -> 0,1,"Excel: No (normalized: 0), DB: 1"
K11A302,k11a302,AVAILABLE_DATE_MISSING_IN_EXCEL,NULL,2025-09-13,"Excel is NULL, but DB has date 2025-09-13"
K11A308,k11a308,AVAILABLE_DATE_MISMATCH,2025-09-03,2025-06-05,"Excel: 2025-09-03, DB: 2025-06-05"
K11A308,k11a308,BOOKING_HOLD_STATUS_MISMATCH,Free -> 1,2,"Excel: Free (normalized: 1), DB: 2"
K11A308,k11a308,NEXT_BOOKING_STATUS_MISMATCH,Not Booked,Booked,"Excel: Not Booked, DB: Booked"
K11A308,k11a308,OCCUPANCY_STATUS_MISMATCH,Vacant,Occupied,"Excel: Vacant, DB: Occupied"
K11A308,k11a308,RENT_STATUS_MISMATCH,Yes -> 1,0,"Excel: Yes (normalized: 1), DB: 0"
K11A504,k11a504,OCCUPANCY_STATUS_MISMATCH,Occupied & On Notice,Vacant,"Excel: Occupied & On Notice, DB: Vacant"
K13A101,k13a101,AVAILABLE_DATE_MISSING_IN_EXCEL,NULL,2025-07-17,"Excel is NULL, but DB has date 2025-07-17"
K13A305,k13a305,OCCUPANCY_STATUS_MISMATCH,Vacant,Occupied & On Notice,"Excel: Vacant, DB: Occupied & On Notice"
K13A308,k13a308,AVAILABLE_DATE_MISSING_IN_EXCEL,NULL,2025-06-02,"Excel is NULL, but DB has date 2025-06-02"
K13A308,k13a308,BOOKING_HOLD_STATUS_MISMATCH,On Hold -> 2,1,"Excel: On Hold (normalized: 2), DB: 1"
K13A308,k13a308,NEXT_BOOKING_STATUS_MISMATCH,Booked,Not Booked,"Excel: Booked, DB: Not Booked"
K13A308,k13a308,OCCUPANCY_STATUS_MISMATCH,Occupied,Vacant,"Excel: Occupied, DB: Vacant"
K13A308,k13a308,RENT_STATUS_MISMATCH,No -> 0,1,"Excel: No (normalized: 0), DB: 1"
K14A201,k14a201,AVAILABLE_DATE_MISSING_IN_EXCEL,NULL,2025-09-08,"Excel is NULL, but DB has date 2025-09-08"
K14A301,k14a301,AVAILABLE_DATE_MISMATCH,2025-10-19,2024-09-27,"Excel: 2025-10-19, DB: 2024-09-27"
K14A301,k14a301,BOOKING_HOLD_STATUS_MISMATCH,Free -> 1,2,"Excel: Free (normalized: 1), DB: 2"
K14A301,k14a301,NEXT_BOOKING_STATUS_MISMATCH,Not Booked,Booked,"Excel: Not Booked, DB: Booked"
K14A301,k14a301,OCCUPANCY_STATUS_MISMATCH,Occupied & On Notice,Occupied,"Excel: Occupied & On Notice, DB: Occupied"
K14A301,k14a301,RENT_STATUS_MISMATCH,Yes -> 1,0,"Excel: Yes (normalized: 1), DB: 0"
K14A403,k14a403,BOOKING_HOLD_STATUS_MISMATCH,On Hold -> 2,1,"Excel: On Hold (normalized: 2), DB: 1"
K14A403,k14a403,NEXT_BOOKING_STATUS_MISMATCH,Booked,Not Booked,"Excel: Booked, DB: Not Booked"
K14A403,k14a403,OCCUPANCY_STATUS_MISMATCH,Occupied,Vacant,"Excel: Occupied, DB: Vacant"
K14A403,k14a403,RENT_STATUS_MISMATCH,No -> 0,1,"Excel: No (normalized: 0), DB: 1"
K14B503,k14b503,AVAILABLE_DATE_MISSING_IN_EXCEL,NULL,2025-09-05,"Excel is NULL, but DB has date 2025-09-05"
K15A202,k15a202,AVAILABLE_DATE_MISSING_IN_EXCEL,NULL,2025-10-17,"Excel is NULL, but DB has date 2025-10-17"
K15A202,k15a202,BOOKING_HOLD_STATUS_MISMATCH,On Hold -> 2,1,"Excel: On Hold (normalized: 2), DB: 1"
K15A202,k15a202,NEXT_BOOKING_STATUS_MISMATCH,Booked,Not Booked,"Excel: Booked, DB: Not Booked"
K15A202,k15a202,OCCUPANCY_STATUS_MISMATCH,Occupied,Occupied & On Notice,"Excel: Occupied, DB: Occupied & On Notice"
K15A202,k15a202,RENT_STATUS_MISMATCH,No -> 0,1,"Excel: No (normalized: 0), DB: 1"
K15A205,k15a205,AVAILABLE_DATE_MISMATCH,2025-10-20,2024-08-28,"Excel: 2025-10-20, DB: 2024-08-28"
K15A205,k15a205,BOOKING_HOLD_STATUS_MISMATCH,Free -> 1,2,"Excel: Free (normalized: 1), DB: 2"
K15A205,k15a205,NEXT_BOOKING_STATUS_MISMATCH,Not Booked,Booked,"Excel: Not Booked, DB: Booked"
K15A205,k15a205,OCCUPANCY_STATUS_MISMATCH,Occupied & On Notice,Occupied,"Excel: Occupied & On Notice, DB: Occupied"
K15A205,k15a205,RENT_STATUS_MISMATCH,Yes -> 1,0,"Excel: Yes (normalized: 1), DB: 0"
K15A301,k15a301,BOOKING_HOLD_STATUS_MISMATCH,On Hold -> 2,1,"Excel: On Hold (normalized: 2), DB: 1"
K15A301,k15a301,NEXT_BOOKING_STATUS_MISMATCH,Booked,Not Booked,"Excel: Booked, DB: Not Booked"
K15A301,k15a301,OCCUPANCY_STATUS_MISMATCH,Occupied,Vacant,"Excel: Occupied, DB: Vacant"
K15A301,k15a301,RENT_STATUS_MISMATCH,No -> 0,1,"Excel: No (normalized: 0), DB: 1"
K15A304,k15a304,AVAILABLE_DATE_MISSING_IN_EXCEL,NULL,2025-08-07,"Excel is NULL, but DB has date 2025-08-07"
K15A507,k15a507,OCCUPANCY_STATUS_MISMATCH,Vacant,Occupied & On Notice,"Excel: Vacant, DB: Occupied & On Notice"
K15A604,k15a604,OCCUPANCY_STATUS_MISMATCH,Vacant,Occupied & On Notice,"Excel: Vacant, DB: Occupied & On Notice"
K17A102,k17a102,OCCUPANCY_STATUS_MISMATCH,Occupied & On Notice,Vacant,"Excel: Occupied & On Notice, DB: Vacant"
K17A103,k17a103,OCCUPANCY_STATUS_MISMATCH,Occupied & On Notice,Vacant,"Excel: Occupied & On Notice, DB: Vacant"
K17A302,k17a302,AVAILABLE_DATE_MISSING_IN_DB,2025-10-23,NULL,"Excel has date 2025-10-23, but DB is NULL"
K17A302,k17a302,BOOKING_HOLD_STATUS_MISMATCH,Free -> 1,2,"Excel: Free (normalized: 1), DB: 2"
K17A302,k17a302,NEXT_BOOKING_STATUS_MISMATCH,Not Booked,Booked,"Excel: Not Booked, DB: Booked"
K17A302,k17a302,OCCUPANCY_STATUS_MISMATCH,Occupied & On Notice,Occupied,"Excel: Occupied & On Notice, DB: Occupied"
K17A302,k17a302,RENT_STATUS_MISMATCH,Yes -> 1,0,"Excel: Yes (normalized: 1), DB: 0"
K17A504,k17a504,AVAILABLE_DATE_MISMATCH,2025-10-19,2024-09-18,"Excel: 2025-10-19, DB: 2024-09-18"
K17A504,k17a504,BOOKING_HOLD_STATUS_MISMATCH,Free -> 1,2,"Excel: Free (normalized: 1), DB: 2"
K17A504,k17a504,NEXT_BOOKING_STATUS_MISMATCH,Not Booked,Booked,"Excel: Not Booked, DB: Booked"
K17A504,k17a504,OCCUPANCY_STATUS_MISMATCH,Occupied & On Notice,Occupied,"Excel: Occupied & On Notice, DB: Occupied"
K17A504,k17a504,RENT_STATUS_MISMATCH,Yes -> 1,0,"Excel: Yes (normalized: 1), DB: 0"
K17A602,k17a602,AVAILABLE_DATE_MISSING_IN_DB,2025-10-18,NULL,"Excel has date 2025-10-18, but DB is NULL"
K17A602,k17a602,BOOKING_HOLD_STATUS_MISMATCH,Free -> 1,2,"Excel: Free (normalized: 1), DB: 2"
K17A602,k17a602,NEXT_BOOKING_STATUS_MISMATCH,Not Booked,Booked,"Excel: Not Booked, DB: Booked"
K17A602,k17a602,OCCUPANCY_STATUS_MISMATCH,Occupied & On Notice,Occupied,"Excel: Occupied & On Notice, DB: Occupied"
K17A602,k17a602,RENT_STATUS_MISMATCH,Yes -> 1,0,"Excel: Yes (normalized: 1), DB: 0"
K18C404,k18c404,AVAILABLE_DATE_MISSING_IN_DB,2025-10-19,NULL,"Excel has date 2025-10-19, but DB is NULL"
K18C404,k18c404,BOOKING_HOLD_STATUS_MISMATCH,Free -> 1,2,"Excel: Free (normalized: 1), DB: 2"
K18C404,k18c404,NEXT_BOOKING_STATUS_MISMATCH,Not Booked,Booked,"Excel: Not Booked, DB: Booked"
K18C404,k18c404,OCCUPANCY_STATUS_MISMATCH,Occupied & On Notice,Occupied,"Excel: Occupied & On Notice, DB: Occupied"
K18C404,k18c404,RENT_STATUS_MISMATCH,Yes -> 1,0,"Excel: Yes (normalized: 1), DB: 0"
K18C601,k18c601,OCCUPANCY_STATUS_MISMATCH,Vacant,Occupied & On Notice,"Excel: Vacant, DB: Occupied & On Notice"
K18F402,k18f402,OCCUPANCY_STATUS_MISMATCH,Vacant,Occupied & On Notice,"Excel: Vacant, DB: Occupied & On Notice"
K19A302,k19a302,OCCUPANCY_STATUS_MISMATCH,Vacant,Occupied & On Notice,"Excel: Vacant, DB: Occupied & On Notice"
K19A305,k19a305,AVAILABLE_DATE_MISMATCH,2025-10-20,2024-08-01,"Excel: 2025-10-20, DB: 2024-08-01"
K19A305,k19a305,BOOKING_HOLD_STATUS_MISMATCH,Free -> 1,2,"Excel: Free (normalized: 1), DB: 2"
K19A305,k19a305,NEXT_BOOKING_STATUS_MISMATCH,Not Booked,Booked,"Excel: Not Booked, DB: Booked"
K19A305,k19a305,OCCUPANCY_STATUS_MISMATCH,Occupied & On Notice,Occupied,"Excel: Occupied & On Notice, DB: Occupied"
K19A305,k19a305,RENT_STATUS_MISMATCH,Yes -> 1,0,"Excel: Yes (normalized: 1), DB: 0"
K19A510,k19a510,AVAILABLE_DATE_MISSING_IN_DB,2025-10-22,NULL,"Excel has date 2025-10-22, but DB is NULL"
K19A510,k19a510,BOOKING_HOLD_STATUS_MISMATCH,Free -> 1,2,"Excel: Free (normalized: 1), DB: 2"
K19A510,k19a510,NEXT_BOOKING_STATUS_MISMATCH,Not Booked,Booked,"Excel: Not Booked, DB: Booked"
K19A510,k19a510,OCCUPANCY_STATUS_MISMATCH,Occupied & On Notice,Occupied,"Excel: Occupied & On Notice, DB: Occupied"
K19A510,k19a510,RENT_STATUS_MISMATCH,Yes -> 1,0,"Excel: Yes (normalized: 1), DB: 0"
K20A303,k20a303,AVAILABLE_DATE_MISSING_IN_EXCEL,NULL,2025-07-17,"Excel is NULL, but DB has date 2025-07-17"
K20A303,k20a303,BOOKING_HOLD_STATUS_MISMATCH,On Hold -> 2,1,"Excel: On Hold (normalized: 2), DB: 1"
K20A303,k20a303,NEXT_BOOKING_STATUS_MISMATCH,Booked,Not Booked,"Excel: Booked, DB: Not Booked"
K20A303,k20a303,OCCUPANCY_STATUS_MISMATCH,Occupied,Vacant,"Excel: Occupied, DB: Vacant"
K20A303,k20a303,RENT_STATUS_MISMATCH,No -> 0,1,"Excel: No (normalized: 0), DB: 1"
K20A401,k20a401,AVAILABLE_DATE_MISSING_IN_EXCEL,NULL,2025-08-20,"Excel is NULL, but DB has date 2025-08-20"
K20A506,k20a506,BOOKING_HOLD_STATUS_MISMATCH,On Hold -> 2,1,"Excel: On Hold (normalized: 2), DB: 1"
K20A506,k20a506,NEXT_BOOKING_STATUS_MISMATCH,Booked,Not Booked,"Excel: Booked, DB: Not Booked"
K20A506,k20a506,OCCUPANCY_STATUS_MISMATCH,Occupied,Vacant,"Excel: Occupied, DB: Vacant"
K20A506,k20a506,RENT_STATUS_MISMATCH,No -> 0,1,"Excel: No (normalized: 0), DB: 1"
K20B501,k20b501,AVAILABLE_DATE_MISSING_IN_EXCEL,NULL,2025-05-01,"Excel is NULL, but DB has date 2025-05-01"
K20B501,k20b501,BOOKING_HOLD_STATUS_MISMATCH,On Hold -> 2,1,"Excel: On Hold (normalized: 2), DB: 1"
K20B501,k20b501,NEXT_BOOKING_STATUS_MISMATCH,Booked,Not Booked,"Excel: Booked, DB: Not Booked"
K20B501,k20b501,OCCUPANCY_STATUS_MISMATCH,Occupied,Vacant,"Excel: Occupied, DB: Vacant"
K20B501,k20b501,RENT_STATUS_MISMATCH,No -> 0,1,"Excel: No (normalized: 0), DB: 1"
K20B607,k20b607,AVAILABLE_DATE_MISSING_IN_EXCEL,NULL,2025-05-01,"Excel is NULL, but DB has date 2025-05-01"
K21A102,k21a102,AVAILABLE_DATE_MISSING_IN_EXCEL,NULL,2025-09-08,"Excel is NULL, but DB has date 2025-09-08"
K21A301,k21a301,AVAILABLE_DATE_MISSING_IN_EXCEL,NULL,2025-09-09,"Excel is NULL, but DB has date 2025-09-09"
K21A301,k21a301,BOOKING_HOLD_STATUS_MISMATCH,On Hold -> 2,1,"Excel: On Hold (normalized: 2), DB: 1"
K21A301,k21a301,NEXT_BOOKING_STATUS_MISMATCH,Booked,Not Booked,"Excel: Booked, DB: Not Booked"
K21A301,k21a301,OCCUPANCY_STATUS_MISMATCH,Occupied,Vacant,"Excel: Occupied, DB: Vacant"
K21A301,k21a301,RENT_STATUS_MISMATCH,No -> 0,1,"Excel: No (normalized: 0), DB: 1"
K21A405,k21a405,AVAILABLE_DATE_MISSING_IN_EXCEL,NULL,2025-08-26,"Excel is NULL, but DB has date 2025-08-26"
K21A405,k21a405,BOOKING_HOLD_STATUS_MISMATCH,On Hold -> 2,1,"Excel: On Hold (normalized: 2), DB: 1"
K21A405,k21a405,NEXT_BOOKING_STATUS_MISMATCH,Booked,Not Booked,"Excel: Booked, DB: Not Booked"
K21A405,k21a405,OCCUPANCY_STATUS_MISMATCH,Occupied,Vacant,"Excel: Occupied, DB: Vacant"
K21A405,k21a405,RENT_STATUS_MISMATCH,No -> 0,1,"Excel: No (normalized: 0), DB: 1"
K23C002,k23c002,BOOKING_HOLD_STATUS_MISMATCH,On Hold -> 2,1,"Excel: On Hold (normalized: 2), DB: 1"
K23C002,k23c002,NEXT_BOOKING_STATUS_MISMATCH,Booked,Not Booked,"Excel: Booked, DB: Not Booked"
K23C002,k23c002,OCCUPANCY_STATUS_MISMATCH,Occupied,Vacant,"Excel: Occupied, DB: Vacant"
K23C002,k23c002,RENT_STATUS_MISMATCH,No -> 0,1,"Excel: No (normalized: 0), DB: 1"
K23C003,k23c003,BOOKING_HOLD_STATUS_MISMATCH,On Hold -> 2,1,"Excel: On Hold (normalized: 2), DB: 1"
K23C003,k23c003,NEXT_BOOKING_STATUS_MISMATCH,Booked,Not Booked,"Excel: Booked, DB: Not Booked"
K23C003,k23c003,OCCUPANCY_STATUS_MISMATCH,Occupied,Vacant,"Excel: Occupied, DB: Vacant"
K23C003,k23c003,RENT_STATUS_MISMATCH,No -> 0,1,"Excel: No (normalized: 0), DB: 1"
K23C101,k23c101,BOOKING_HOLD_STATUS_MISMATCH,On Hold -> 2,1,"Excel: On Hold (normalized: 2), DB: 1"
K23C101,k23c101,NEXT_BOOKING_STATUS_MISMATCH,Booked,Not Booked,"Excel: Booked, DB: Not Booked"
K23C101,k23c101,OCCUPANCY_STATUS_MISMATCH,Occupied,Vacant,"Excel: Occupied, DB: Vacant"
K23C101,k23c101,RENT_STATUS_MISMATCH,No -> 0,1,"Excel: No (normalized: 0), DB: 1"
K23C102,k23c102,BOOKING_HOLD_STATUS_MISMATCH,On Hold -> 2,1,"Excel: On Hold (normalized: 2), DB: 1"
K23C102,k23c102,NEXT_BOOKING_STATUS_MISMATCH,Booked,Not Booked,"Excel: Booked, DB: Not Booked"
K23C102,k23c102,OCCUPANCY_STATUS_MISMATCH,Occupied,Vacant,"Excel: Occupied, DB: Vacant"
K23C102,k23c102,RENT_STATUS_MISMATCH,No -> 0,1,"Excel: No (normalized: 0), DB: 1"
K24A203,k24a203,OCCUPANCY_STATUS_MISMATCH,Occupied & On Notice,Vacant,"Excel: Occupied & On Notice, DB: Vacant"
K24A303,k24a303,OCCUPANCY_STATUS_MISMATCH,Occupied & On Notice,Vacant,"Excel: Occupied & On Notice, DB: Vacant"
K24A401,k24a401,OCCUPANCY_STATUS_MISMATCH,Occupied & On Notice,Vacant,"Excel: Occupied & On Notice, DB: Vacant"
K24A404,k24a404,OCCUPANCY_STATUS_MISMATCH,Occupied & On Notice,Vacant,"Excel: Occupied & On Notice, DB: Vacant"
K24A512,k24a512,BOOKING_HOLD_STATUS_MISMATCH,On Hold -> 2,1,"Excel: On Hold (normalized: 2), DB: 1"
K24A512,k24a512,NEXT_BOOKING_STATUS_MISMATCH,Booked,Not Booked,"Excel: Booked, DB: Not Booked"
K24A512,k24a512,OCCUPANCY_STATUS_MISMATCH,Occupied,Vacant,"Excel: Occupied, DB: Vacant"
K24A512,k24a512,RENT_STATUS_MISMATCH,No -> 0,1,"Excel: No (normalized: 0), DB: 1"
K27A101,NOT_FOUND_IN_DB,MISSING_FROM_DB,N/A,N/A,Flat not found in database
K27A102,NOT_FOUND_IN_DB,MISSING_FROM_DB,N/A,N/A,Flat not found in database
K27A103,NOT_FOUND_IN_DB,MISSING_FROM_DB,N/A,N/A,Flat not found in database
K27A104,NOT_FOUND_IN_DB,MISSING_FROM_DB,N/A,N/A,Flat not found in database
K27A105,NOT_FOUND_IN_DB,MISSING_FROM_DB,N/A,N/A,Flat not found in database
K27A106,NOT_FOUND_IN_DB,MISSING_FROM_DB,N/A,N/A,Flat not found in database
K27A107,NOT_FOUND_IN_DB,MISSING_FROM_DB,N/A,N/A,Flat not found in database
K27A108,NOT_FOUND_IN_DB,MISSING_FROM_DB,N/A,N/A,Flat not found in database
K27A109,NOT_FOUND_IN_DB,MISSING_FROM_DB,N/A,N/A,Flat not found in database
K27A201,NOT_FOUND_IN_DB,MISSING_FROM_DB,N/A,N/A,Flat not found in database
K27A202,NOT_FOUND_IN_DB,MISSING_FROM_DB,N/A,N/A,Flat not found in database
K27A203,NOT_FOUND_IN_DB,MISSING_FROM_DB,N/A,N/A,Flat not found in database
K27A204,NOT_FOUND_IN_DB,MISSING_FROM_DB,N/A,N/A,Flat not found in database
K27A205,NOT_FOUND_IN_DB,MISSING_FROM_DB,N/A,N/A,Flat not found in database
K27A206,NOT_FOUND_IN_DB,MISSING_FROM_DB,N/A,N/A,Flat not found in database
K27A207,NOT_FOUND_IN_DB,MISSING_FROM_DB,N/A,N/A,Flat not found in database
K27A208,NOT_FOUND_IN_DB,MISSING_FROM_DB,N/A,N/A,Flat not found in database
K27A209,NOT_FOUND_IN_DB,MISSING_FROM_DB,N/A,N/A,Flat not found in database
K27A301,NOT_FOUND_IN_DB,MISSING_FROM_DB,N/A,N/A,Flat not found in database
K27A302,NOT_FOUND_IN_DB,MISSING_FROM_DB,N/A,N/A,Flat not found in database
K27A303,NOT_FOUND_IN_DB,MISSING_FROM_DB,N/A,N/A,Flat not found in database
K27A304,NOT_FOUND_IN_DB,MISSING_FROM_DB,N/A,N/A,Flat not found in database
K27A305,NOT_FOUND_IN_DB,MISSING_FROM_DB,N/A,N/A,Flat not found in database
K27A306,NOT_FOUND_IN_DB,MISSING_FROM_DB,N/A,N/A,Flat not found in database
K27A307,NOT_FOUND_IN_DB,MISSING_FROM_DB,N/A,N/A,Flat not found in database
K27A308,NOT_FOUND_IN_DB,MISSING_FROM_DB,N/A,N/A,Flat not found in database
K27A309,NOT_FOUND_IN_DB,MISSING_FROM_DB,N/A,N/A,Flat not found in database
K27A401,NOT_FOUND_IN_DB,MISSING_FROM_DB,N/A,N/A,Flat not found in database
K27A402,NOT_FOUND_IN_DB,MISSING_FROM_DB,N/A,N/A,Flat not found in database
K27A403,NOT_FOUND_IN_DB,MISSING_FROM_DB,N/A,N/A,Flat not found in database
K27A404,NOT_FOUND_IN_DB,MISSING_FROM_DB,N/A,N/A,Flat not found in database
K27A405,NOT_FOUND_IN_DB,MISSING_FROM_DB,N/A,N/A,Flat not found in database
K27A406,NOT_FOUND_IN_DB,MISSING_FROM_DB,N/A,N/A,Flat not found in database
K27A407,NOT_FOUND_IN_DB,MISSING_FROM_DB,N/A,N/A,Flat not found in database
K27A408,NOT_FOUND_IN_DB,MISSING_FROM_DB,N/A,N/A,Flat not found in database
K27A409,NOT_FOUND_IN_DB,MISSING_FROM_DB,N/A,N/A,Flat not found in database
K27A501,NOT_FOUND_IN_DB,MISSING_FROM_DB,N/A,N/A,Flat not found in database
K27A502,NOT_FOUND_IN_DB,MISSING_FROM_DB,N/A,N/A,Flat not found in database
K27A503,NOT_FOUND_IN_DB,MISSING_FROM_DB,N/A,N/A,Flat not found in database
K27A504,NOT_FOUND_IN_DB,MISSING_FROM_DB,N/A,N/A,Flat not found in database
K27A505,NOT_FOUND_IN_DB,MISSING_FROM_DB,N/A,N/A,Flat not found in database
K27A506,NOT_FOUND_IN_DB,MISSING_FROM_DB,N/A,N/A,Flat not found in database
K27A507,NOT_FOUND_IN_DB,MISSING_FROM_DB,N/A,N/A,Flat not found in database
K27A508,NOT_FOUND_IN_DB,MISSING_FROM_DB,N/A,N/A,Flat not found in database
K27A509,NOT_FOUND_IN_DB,MISSING_FROM_DB,N/A,N/A,Flat not found in database
